{
    "availableLanguageIds": [
        "en_US"
    ],
    "defaultLanguageId": "en_US",
    "fields": [
        {
            "label": {
                "en_US": "Content"
            },
            "predefinedValue": {
                "en_US": ""
            },
            "style": {
                "en_US": ""
            },
            "tip": {
                "en_US": ""
            },
            "dataType": "html",
            "fieldNamespace": "ddm",
            "indexType": "keyword",
            "localizable": true,
            "name": "content",
            "readOnly": false,
            "repeatable": false,
            "required": false,
            "showLabel": true,
            "type": "ddm-text-html"
        }
    ]
}