<?xml version="1.0"?>

<model-hints>
	<model name="com.liferay.docs.guestbook.model.Entry">
		<field name="uuid" type="String" />
		<field name="entryId" type="long" />
		<field name="groupId" type="long" />
		<field name="companyId" type="long" />
		<field name="userId" type="long" />
		<field name="userName" type="String" />
		<field name="createDate" type="Date" />
		<field name="modifiedDate" type="Date" />
		<field name="name" type="String" />
		<field name="email" type="String" />
		<field name="message" type="String" />
		<field name="guestbookId" type="long" />
		<field name="status" type="int" />
		<field name="statusByUserId" type="long" />
		<field name="statusByUserName" type="String" />
		<field name="statusDate" type="Date" />
	</model>
	<model name="com.liferay.docs.guestbook.model.Guestbook">
		<field name="uuid" type="String" />
		<field name="guestbookId" type="long" />
		<field name="groupId" type="long" />
		<field name="companyId" type="long" />
		<field name="userId" type="long" />
		<field name="userName" type="String" />
		<field name="createDate" type="Date" />
		<field name="modifiedDate" type="Date" />
		<field name="name" type="String" />
		<field name="status" type="int" />
		<field name="statusByUserId" type="long" />
		<field name="statusByUserName" type="String" />
		<field name="statusDate" type="Date" />
	</model>
</model-hints>