{
  "layoutTemplate": {
    "columns": [
      [
        {
          "portletId": "58"
        }
      ],
      [
        {
          "portletId": "47"
        },
        {
          "portletId": "118",
          "portletPreferences": {
            "columns": [
              [
                {
                  "portletId": "3"
                }
              ],
              [
                {
                  "portletId": "16"
                }
              ]
            ],
            "layoutTemplateId": "2_columns_i"
          }
        }
      ]
    ],
    "friendlyURL": "/page-3",
    "name": "Page 3",
    "title": "Page 3"
  },
  "layoutTemplateId": "2_columns_ii"
}