<?xml version="1.0"?>
<!DOCTYPE service-builder PUBLIC "-//Liferay//DTD Service Builder 7.0.0//EN" "http://www.liferay.com/dtd/liferay-service-builder_7_0_0.dtd">

<service-builder auto-namespace-tables="true" package-path="com.liferay.docs.guestbook">
	<author>liferay</author>
	<namespace>GB</namespace>
	<entity local-service="true" name="Entry" remote-service="true" uuid="true">

		<!-- PK fields -->

		<column name="entryId" primary="true" type="long" />

		<!-- Group instance -->

		<column name="groupId" type="long" />

		<!-- Audit fields -->

		<column name="companyId" type="long" />
		<column name="userId" type="long" />
		<column name="userName" type="String" />
		<column name="createDate" type="Date" />
		<column name="modifiedDate" type="Date" />
		<column name="name" type="String" />
		<column name="email" type="String" />
		<column name="message" type="String" />
		<column name="guestbookId" type="long" />

		<finder name="G_G" return-type="Collection">
			<finder-column name="groupId" />
			<finder-column name="guestbookId" />
		</finder>
	</entity>
	<entity local-service="true" name="Guestbook" remote-service="true" uuid="true">

		<!-- PK fields -->

		<column name="guestbookId" primary="true" type="long" />

		<!-- Group instance -->

		<column name="groupId" type="long" />

		<!-- Audit fields -->

		<column name="companyId" type="long" />
		<column name="userId" type="long" />
		<column name="userName" type="String" />
		<column name="createDate" type="Date" />
		<column name="modifiedDate" type="Date" />
		<column name="name" type="String" />

		<finder name="GroupId" return-type="Collection">
			<finder-column name="groupId" />
		</finder>
	</entity>
	<exceptions>
		<exception>EntryEmail</exception>
		<exception>EntryMessage</exception>
		<exception>EntryName</exception>
		<exception>GuestbookName</exception>
	</exceptions>
</service-builder>