<?xml version="1.0"?>
<!DOCTYPE resource-action-mapping PUBLIC "-//Liferay//DTD Resource Action Mapping 7.0.0//EN" "http://www.liferay.com/dtd/liferay-resource-action-mapping_7_0_0.dtd">

<resource-action-mapping>
	<model-resource>
		<model-name>com.liferay.docs.guestbook.model</model-name>
		<portlet-ref>
			<portlet-name>com_liferay_docs_guestbook_portlet_GuestbookAdminPortlet</portlet-name>
			<portlet-name>com_liferay_docs_guestbook_portlet_GuestbookPortlet</portlet-name>
		</portlet-ref>
		<permissions>
			<supports>
				<action-key>ADD_ENTRY</action-key>
				<action-key>ADD_GUESTBOOK</action-key>
			</supports>
			<site-member-defaults>
				<action-key>ADD_ENTRY</action-key>
			</site-member-defaults>
			<guest-defaults />
			<guest-unsupported>
				<action-key>ADD_ENTRY</action-key>
				<action-key>ADD_GUESTBOOK</action-key>
			</guest-unsupported>
		</permissions>
	</model-resource>
	<model-resource>
		<model-name>com.liferay.docs.guestbook.model.Entry</model-name>
		<portlet-ref>
			<portlet-name>com_liferay_docs_guestbook_portlet_GuestbookPortlet</portlet-name>
		</portlet-ref>
		<permissions>
			<supports>
				<action-key>DELETE</action-key>
				<action-key>PERMISSIONS</action-key>
				<action-key>UPDATE</action-key>
				<action-key>VIEW</action-key>
			</supports>
			<site-member-defaults>
				<action-key>VIEW</action-key>
			</site-member-defaults>
			<guest-defaults>
				<action-key>VIEW</action-key>
			</guest-defaults>
			<guest-unsupported>
				<action-key>UPDATE</action-key>
			</guest-unsupported>
		</permissions>
	</model-resource>
	<model-resource>
		<model-name>com.liferay.docs.guestbook.model.Guestbook</model-name>
		<portlet-ref>
			<portlet-name>com_liferay_docs_guestbook_portlet_GuestbookAdminPortlet</portlet-name>
			<portlet-name>com_liferay_docs_guestbook_portlet_GuestbookPortlet</portlet-name>
		</portlet-ref>
		<permissions>
			<supports>
				<action-key>ADD_ENTRY</action-key>
				<action-key>DELETE</action-key>
				<action-key>PERMISSIONS</action-key>
				<action-key>UPDATE</action-key>
				<action-key>VIEW</action-key>
			</supports>
			<site-member-defaults>
				<action-key>ADD_ENTRY</action-key>
				<action-key>VIEW</action-key>
			</site-member-defaults>
			<guest-defaults>
				<action-key>VIEW</action-key>
			</guest-defaults>
			<guest-unsupported>
				<action-key>UPDATE</action-key>
			</guest-unsupported>
		</permissions>
	</model-resource>
</resource-action-mapping>